{
  "cities": [
    {"slug": "eindhoven", "name": "Eindhoven", "province": "Noord-Brabant", "priority": 1},
    {"slug": "tilburg", "name": "Tilburg", "province": "Noord-Brabant", "priority": 1},
    {"slug": "den-bosch", "name": "'s-Hertogenbosch", "province": "Noord-Brabant", "priority": 1},
    {"slug": "breda", "name": "Breda", "province": "Noord-Brabant", "priority": 1},
    {"slug": "maastricht", "name": "Maastricht", "province": "Limburg", "priority": 1},
    {"slug": "venlo", "name": "Venlo", "province": "Limburg", "priority": 1},
    {"slug": "helmond", "name": "Helmond", "province": "Noord-Brabant", "priority": 2},
    {"slug": "oss", "name": "Oss", "province": "Noord-Brabant", "priority": 2},
    {"slug": "roosendaal", "name": "Roosendaal", "province": "Noord-Brabant", "priority": 2},
    {"slug": "bergen-op-zoom", "name": "Bergen op Zoom", "province": "Noord-Brabant", "priority": 2},
    {"slug": "veghel", "name": "Veghel", "province": "Noord-Brabant", "priority": 2},
    {"slug": "uden", "name": "Uden", "province": "Noord-Brabant", "priority": 2},
    {"slug": "valkenswaard", "name": "Valkenswaard", "province": "Noord-Brabant", "priority": 2},
    {"slug": "veldhoven", "name": "Veldhoven", "province": "Noord-Brabant", "priority": 2},
    {"slug": "waalwijk", "name": "Waalwijk", "province": "Noord-Brabant", "priority": 2},
    {"slug": "oosterhout", "name": "Oosterhout", "province": "Noord-Brabant", "priority": 2},
    {"slug": "boxtel", "name": "Boxtel", "province": "Noord-Brabant", "priority": 3},
    {"slug": "best", "name": "Best", "province": "Noord-Brabant", "priority": 3},
    {"slug": "geldrop", "name": "Geldrop", "province": "Noord-Brabant", "priority": 3},
    {"slug": "oirschot", "name": "Oirschot", "province": "Noord-Brabant", "priority": 3},
    {"slug": "roermond", "name": "Roermond", "province": "Limburg", "priority": 2},
    {"slug": "sittard", "name": "Sittard", "province": "Limburg", "priority": 2},
    {"slug": "heerlen", "name": "Heerlen", "province": "Limburg", "priority": 2},
    {"slug": "weert", "name": "Weert", "province": "Limburg", "priority": 2},
    {"slug": "kerkrade", "name": "Kerkrade", "province": "Limburg", "priority": 3},
    {"slug": "valkenburg", "name": "Valkenburg", "province": "Limburg", "priority": 3},
    {"slug": "venray", "name": "Venray", "province": "Limburg", "priority": 3},
    {"slug": "amsterdam", "name": "Amsterdam", "province": "Noord-Holland", "priority": 1},
    {"slug": "rotterdam", "name": "Rotterdam", "province": "Zuid-Holland", "priority": 1},
    {"slug": "den-haag", "name": "Den Haag", "province": "Zuid-Holland", "priority": 1},
    {"slug": "utrecht", "name": "Utrecht", "province": "Utrecht", "priority": 1},
    {"slug": "nijmegen", "name": "Nijmegen", "province": "Gelderland", "priority": 2},
    {"slug": "arnhem", "name": "Arnhem", "province": "Gelderland", "priority": 2},
    {"slug": "apeldoorn", "name": "Apeldoorn", "province": "Gelderland", "priority": 2},
    {"slug": "enschede", "name": "Enschede", "province": "Overijssel", "priority": 2},
    {"slug": "groningen", "name": "Groningen", "province": "Groningen", "priority": 2},
    {"slug": "almere", "name": "Almere", "province": "Flevoland", "priority": 2},
    {"slug": "zwolle", "name": "Zwolle", "province": "Overijssel", "priority": 2},
    {"slug": "leiden", "name": "Leiden", "province": "Zuid-Holland", "priority": 2},
    {"slug": "haarlem", "name": "Haarlem", "province": "Noord-Holland", "priority": 2},
    {"slug": "dordrecht", "name": "Dordrecht", "province": "Zuid-Holland", "priority": 3},
    {"slug": "zaanstad", "name": "Zaanstad", "province": "Noord-Holland", "priority": 3},
    {"slug": "amersfoort", "name": "Amersfoort", "province": "Utrecht", "priority": 2},
    {"slug": "zoetermeer", "name": "Zoetermeer", "province": "Zuid-Holland", "priority": 3},
    {"slug": "delft", "name": "Delft", "province": "Zuid-Holland", "priority": 3},
    {"slug": "gouda", "name": "Gouda", "province": "Zuid-Holland", "priority": 3},
    {"slug": "alphen-aan-den-rijn", "name": "Alphen aan den Rijn", "province": "Zuid-Holland", "priority": 3},
    {"slug": "hilversum", "name": "Hilversum", "province": "Noord-Holland", "priority": 3},
    {"slug": "deventer", "name": "Deventer", "province": "Overijssel", "priority": 3},
    {"slug": "hengelo", "name": "Hengelo", "province": "Overijssel", "priority": 3},
    {"slug": "alkmaar", "name": "Alkmaar", "province": "Noord-Holland", "priority": 3},
    {"slug": "ede", "name": "Ede", "province": "Gelderland", "priority": 3},
    {"slug": "purmerend", "name": "Purmerend", "province": "Noord-Holland", "priority": 3},
    {"slug": "leeuwarden", "name": "Leeuwarden", "province": "Friesland", "priority": 3},
    {"slug": "lelystad", "name": "Lelystad", "province": "Flevoland", "priority": 3},
    {"slug": "harderwijk", "name": "Harderwijk", "province": "Gelderland", "priority": 3},
    {"slug": "hoorn", "name": "Hoorn", "province": "Noord-Holland", "priority": 3},
    {"slug": "zeist", "name": "Zeist", "province": "Utrecht", "priority": 3},
    {"slug": "nieuwegein", "name": "Nieuwegein", "province": "Utrecht", "priority": 3},
    {"slug": "middelburg", "name": "Middelburg", "province": "Zeeland", "priority": 3},
    {"slug": "vlissingen", "name": "Vlissingen", "province": "Zeeland", "priority": 3},
    {"slug": "goes", "name": "Goes", "province": "Zeeland", "priority": 3},
    {"slug": "terneuzen", "name": "Terneuzen", "province": "Zeeland", "priority": 3},
    {"slug": "schiedam", "name": "Schiedam", "province": "Zuid-Holland", "priority": 3},
    {"slug": "vlaardingen", "name": "Vlaardingen", "province": "Zuid-Holland", "priority": 3},
    {"slug": "capelle-aan-den-ijssel", "name": "Capelle aan den IJssel", "province": "Zuid-Holland", "priority": 3},
    {"slug": "spijkenisse", "name": "Spijkenisse", "province": "Zuid-Holland", "priority": 3},
    {"slug": "ridderkerk", "name": "Ridderkerk", "province": "Zuid-Holland", "priority": 3},
    {"slug": "houten", "name": "Houten", "province": "Utrecht", "priority": 3},
    {"slug": "veenendaal", "name": "Veenendaal", "province": "Utrecht", "priority": 3},
    {"slug": "wageningen", "name": "Wageningen", "province": "Gelderland", "priority": 3},
    {"slug": "doetinchem", "name": "Doetinchem", "province": "Gelderland", "priority": 3},
    {"slug": "zutphen", "name": "Zutphen", "province": "Gelderland", "priority": 3},
    {"slug": "kampen", "name": "Kampen", "province": "Overijssel", "priority": 3},
    {"slug": "almelo", "name": "Almelo", "province": "Overijssel", "priority": 3},
    {"slug": "hoogeveen", "name": "Hoogeveen", "province": "Drenthe", "priority": 3},
    {"slug": "emmen", "name": "Emmen", "province": "Drenthe", "priority": 3},
    {"slug": "assen", "name": "Assen", "province": "Drenthe", "priority": 3},
    {"slug": "sneek", "name": "Sneek", "province": "Friesland", "priority": 3},
    {"slug": "drachten", "name": "Drachten", "province": "Friesland", "priority": 3},
    {"slug": "heerhugowaard", "name": "Heerhugowaard", "province": "Noord-Holland", "priority": 3},
    {"slug": "den-helder", "name": "Den Helder", "province": "Noord-Holland", "priority": 3},
    {"slug": "beverwijk", "name": "Beverwijk", "province": "Noord-Holland", "priority": 3},
    {"slug": "castricum", "name": "Castricum", "province": "Noord-Holland", "priority": 3},
    {"slug": "hoofddorp", "name": "Hoofddorp", "province": "Noord-Holland", "priority": 3},
    {"slug": "amstelveen", "name": "Amstelveen", "province": "Noord-Holland", "priority": 3},
    {"slug": "bussum", "name": "Bussum", "province": "Noord-Holland", "priority": 3},
    {"slug": "naarden", "name": "Naarden", "province": "Noord-Holland", "priority": 3},
    {"slug": "huizen", "name": "Huizen", "province": "Noord-Holland", "priority": 3},
    {"slug": "weesp", "name": "Weesp", "province": "Noord-Holland", "priority": 3},
    {"slug": "baarn", "name": "Baarn", "province": "Utrecht", "priority": 3},
    {"slug": "soest", "name": "Soest", "province": "Utrecht", "priority": 3},
    {"slug": "bunnik", "name": "Bunnik", "province": "Utrecht", "priority": 3},
    {"slug": "vianen", "name": "Vianen", "province": "Utrecht", "priority": 3},
    {"slug": "culemborg", "name": "Culemborg", "province": "Gelderland", "priority": 3},
    {"slug": "tiel", "name": "Tiel", "province": "Gelderland", "priority": 3},
    {"slug": "winterswijk", "name": "Winterswijk", "province": "Gelderland", "priority": 3},
    {"slug": "oldenzaal", "name": "Oldenzaal", "province": "Overijssel", "priority": 3},
    {"slug": "losser", "name": "Losser", "province": "Overijssel", "priority": 3},
    {"slug": "wierden", "name": "Wierden", "province": "Overijssel", "priority": 3}
  ]
}
